Vehicle Type,Year,Make,Model,Mileage,Price,Body Style,Exterior Color,Interior Color,Vehicle Condition,Fuel Type,Transmission,Description,Images Path
Car/Truck,2008,Lexus,LS600HL,158000,13990,Sedan,Blue,Beige,Good,Gasoline,Automatic transmission,"2008 Lexus LS600HL FOR SALE
NEW VA INSPECTION
RUNS AND DRIVES GREAT
PLEASE CONTACT ME FOR ANY INFORMATOIN
$299 Procesing is not included in listed Price.
VADLR",C:\Carz\2008 Lexus LS600HL Black
Car/Truck,2015,Honda,Civic,130000,9990,Sedan,Black,Black,Good,Gasoline,Automatic transmission,"2015 Honda Civic FOR SALE
NEW VA INSPECTION
RUNS AND DRIVES GREAT
PLEASE CONTACT ME FOR ANY INFORMATOIN
$299 Procesing is not included in listed Price.
VADLR",C:\Carz\2015 Honda Civic Black
Car/Truck,2011,Honda,CR-Z,127000,79990,Sedan,Black,Black,Good,Gasoline,Automatic transmission,"2015 Honda Civic FOR SALE
NEW VA INSPECTION
RUNS AND DRIVES GREAT
PLEASE CONTACT ME FOR ANY INFORMATOIN
$299 Procesing is not included in listed Price.
VADLR",C:\Carz\2015 Honda Civic Black
Car/Truck,2005,Toyota,Solara,104000,4990,Coupe,gold,Black,Good,Gasoline,Automatic transmission,"2015 Honda Civic FOR SALE
NEW VA INSPECTION
RUNS AND DRIVES GREAT
PLEASE CONTACT ME FOR ANY INFORMATOIN
$299 Procesing is not included in listed Price.
VADLR",C:\Carz\2015 Honda Civic Black
Car/Truck,2005,Acura,TSX,181000,4490,Sedan,Silver,Black,Good,Gasoline,Automatic transmission,"2015 Honda Civic FOR SALE
NEW VA INSPECTION
RUNS AND DRIVES GREAT
PLEASE CONTACT ME FOR ANY INFORMATOIN
$299 Procesing is not included in listed Price.
VADLR",C:\Carz\2015 Honda Civic Black
Car/Truck,2011,Acura,TSX,160000,5990,Sedan,Red,Beige,Good,Gasoline,Automatic transmission,"2015 Honda Civic FOR SALE
NEW VA INSPECTION
RUNS AND DRIVES GREAT
PLEASE CONTACT ME FOR ANY INFORMATOIN
$299 Procesing is not included in listed Price.
VADLR",C:\Carz\2015 Honda Civic Black
Car/Truck,2005,Lexus,RX330,155000,4990,SUV,Black,Beige,Good,Gasoline,Automatic transmission,"2008 Lexus LS600HL FOR SALE
NEW VA INSPECTION
RUNS AND DRIVES GREAT
PLEASE CONTACT ME FOR ANY INFORMATOIN
$299 Procesing is not included in listed Price.
VADLR",C:\Carz\2008 Lexus LS600HL Black
Car/Truck,2008,Lexus,RX350,160000,6990,SUV,Silver,Beige,Good,Gasoline,Automatic transmission,"2008 Lexus LS600HL FOR SALE
NEW VA INSPECTION
RUNS AND DRIVES GREAT
PLEASE CONTACT ME FOR ANY INFORMATOIN
$299 Procesing is not included in listed Price.
VADLR",C:\Carz\2008 Lexus LS600HL Black
Car/Truck,2006,Toyota,Highlander,160000,5990,SUV,Black,Beige,Good,Hybird,Automatic transmission,"2015 Honda Civic FOR SALE
NEW VA INSPECTION
RUNS AND DRIVES GREAT
PLEASE CONTACT ME FOR ANY INFORMATOIN
$299 Procesing is not included in listed Price.
VADLR",C:\Carz\2015 Honda Civic Black
,,,,,,,,,,,,,
,,,,,,,,,,,,,
,,,,,,,,,,,,,
,,,,,,,,,,,,,
