Year,Make,Model,Mileage,Price,Body Style,Exterior Color,Interior Color,Vehicle Condition,Fuel Type,Transmission,Description,Images Path
2017,Nissan,"Altima 120K Miles, Excellent Condition, Clean title",120000,7990,SUV,White,Black,Excellent,Gasoline,Automatic transmission,"ğŸš— VA CARZ - Quality Sedans ğŸš—
ğŸ’² Affordable Financing Available!
ğŸŒ www.vacarz.com | ğŸ–¥ï¸ Apply now: www.vacarz.com/apply
2017 Nissan Altima - EXCELLENT CONDITION, CLEAN, Only 120K Miles!
ğŸ’° Price: $7,990 | Low monthly payments with approved credit!
âœ… Year: 2017
âœ… Make: Nissan
âœ… Model: Altima
âœ… Mileage: 120,000 miles
âœ… Body Style: Sedan
âœ… Fuel Type: Gasoline
âœ… Transmission: Automatic
âœ… Exterior Color: White
âœ… Interior Color: Black
âœ… Condition: Excellent
ğŸŒŸ EXCELLENT CONDITION | ğŸ† CLEAN HISTORY | ğŸ“Š WELL-MAINTAINED MILEAGE
ğŸŒŸ Key Features:

Excellent condition - well cared for inside and out
Clean history - no accidents or major issues
Low mileage for its age - only 120K miles
Sleek white exterior with stylish black interior
Comfortable and spacious sedan
Known for reliability and fuel efficiency
Modern amenities and safety features

ğŸ’¯ VA CARZ Certified:

Multi-point inspection completed
Verified clean history
Competitive pricing for this well-maintained Altima

ğŸ’³ Flexible Financing Options:

Low down payment options available
Competitive interest rates
Quick and easy approval process
Trade-ins welcome
Apply online now: www.vacarz.com/apply

Why Choose This Nissan Altima:

Excellent condition ensures worry-free ownership
Clean history provides peace of mind
Perfect balance of style, comfort, and reliability
Ideal for daily commutes and family trips
Great value for a well-maintained, newer model sedan
Stylish white exterior stands out on the road


Don't miss this opportunity to own an excellent condition, low-mileage Nissan Altima! Experience reliability and comfort in one package. Visit our website, apply for financing online, or contact us today!
#Nissan #Altima #ExcellentCondition #CleanHistory #LowMileage #VACARZ #UsedCar #CarFinancing",Z:\CARSPICS\2017 Nissan Altima White
2019,Subaru,"Impreza- 90K Miles, R Tilte",90000,8990,Sedan,Silver,Black,Excellent,Gasoline,Automatic transmission,"ğŸš— VA CARZ - Quality Sedans ğŸš—
ğŸ’² Affordable Financing Available!
ğŸŒ www.vacarz.com | ğŸ–¥ï¸ Apply now: www.vacarz.com/apply
2019 Subaru Impreza - LOW 90K MILES, Excellent Condition, Great Value!
ğŸ’° Price: [Insert Price] | Low monthly payments with approved credit!
âœ… Year: 2019
âœ… Make: Subaru
âœ… Model: Impreza
âœ… Mileage: 90,000 miles
âœ… Body Style: Sedan
âœ… Fuel Type: Gasoline
âœ… Transmission: Automatic
âœ… Exterior Color: Silver
âœ… Interior Color: Black
âœ… Condition: Excellent
âœ… Title: Rebuilt
ğŸ“Š LOW MILEAGE | ğŸŒŸ EXCELLENT CONDITION | â„¹ï¸ REBUILT TITLE
ğŸŒŸ Key Features:

Low mileage for its age - only 90K miles on a 2019 model
Maintained in excellent condition
Sleek silver exterior with stylish black interior
Known for reliability and all-weather performance
Comfortable and spacious sedan
Fuel-efficient and eco-friendly
Modern amenities and safety features

ğŸ’¯ VA CARZ Certified:

Multi-point inspection completed
Competitive pricing for this well-maintained Impreza
Transparent about rebuilt title status

ğŸ’³ Flexible Financing Options:

Low down payment options available
Competitive interest rates
Quick and easy approval process
Trade-ins welcome
Apply online now: www.vacarz.com/apply

Why Choose This Subaru Impreza:

Great value due to rebuilt title status
Low mileage ensures plenty of life left in the vehicle
Excellent condition provides peace of mind
Perfect for daily commutes and weekend adventures
Subaru's renowned all-wheel drive system for confident driving
Ideal for those seeking a reliable, efficient, and safe vehicle

â„¹ï¸ Important Note: This vehicle has a rebuilt title. We're happy to provide full details on its history and the work done to restore it to excellent condition.

Don't miss this opportunity to own a low-mileage, excellent condition Subaru Impreza at a great value! Experience Subaru's reliability and performance. Visit our website, apply for financing online, or contact us today!
#Subaru #Impreza #LowMileage #ExcellentCondition #RebuiltTitle #VACARZ #UsedCar #CarFinancing",Z:\CARSPICS\2019 Subaru Impreza Silver
2007,Toyota,CAMRY HYBIRD- 2 YEARS WARRANTY- $500 DOWNPAYMENT ONLY ,172000,4490,Sedan,White,Beige,Very good,Hybrid,Automatic transmission,"ğŸš— VA CARZ - Quality Hybrid Vehicles ğŸš—
ğŸ’² SPECIAL: ONLY $500 DOWN + 2 YEARS WARRANTY! ğŸ’²
ğŸŒ www.vacarz.com | ğŸ–¥ï¸ Apply now: www.vacarz.com/apply
2007 Toyota Camry Hybrid - 2 YEARS WARRANTY! CLEAN TITLE, NEWLY INSPECTED!
ğŸ’° Price: $4,490 | ONLY $500 DOWN with approved credit!
âœ… Year: 2007
âœ… Make: Toyota
âœ… Model: Camry Hybrid
âœ… Mileage: 172,000 miles
âœ… Body Style: Sedan
âœ… Fuel Type: Hybrid
âœ… Transmission: Automatic CVT
âœ… Exterior Color: White
âœ… Interior Color: Beige
âœ… Condition: Very Good
âœ… WARRANTY: 2 YEARS INCLUDED!
ğŸ” NEWLY INSPECTED | ğŸ† CLEAN TITLE | ğŸ›¡ï¸ 2 YEARS WARRANTY
ğŸŒŸ Key Points:

2 YEARS WARRANTY for peace of mind!
Toyota's reliable hybrid technology
Excellent fuel economy
Fresh state inspection completed
Spacious family sedan
Smooth and quiet ride
Perfect for commuting

ğŸ’¯ VA CARZ Certified:

Multi-point inspection completed
Verified clean title
Competitive market pricing
Professional detailing
Hybrid system checked
Extended warranty included

ğŸ’¥ SPECIAL FINANCING OFFER:

ONLY $500 DOWN PAYMENT!
Competitive interest rates
Quick and easy approval process
Trade-ins welcome
Apply online now: www.vacarz.com/apply

Why Choose This Camry Hybrid:

2-year warranty protection included
Significant fuel savings with hybrid system
Toyota's proven reliability
Fresh inspection ensures road-readiness
Clean title provides peace of mind
Lower operating costs than conventional vehicles
Perfect for daily commuting and family use

$499 Processing fee not included in listed price.
VADLR
ğŸ¯ DON'T MISS THIS DEAL! Only $500 down + 2 YEARS WARRANTY on this fuel-efficient Camry Hybrid! Visit our website, apply for financing online, or contact us today!
#Toyota #CamryHybrid #2YearWarranty #FuelEfficient #LowDownPayment #CleanTitle #NewlyInspected #VACARZ #UsedCar #CarFinancing #HybridCar",Z:\CARSPICS\2007 Toyota Camry Hyb White
2012,GMC,"Sierra 1500, **$500 DOWNONLY**  LOW MILES, NEW INSPECTION",120000,11900,Truck,Black,Black,Very good,Gasoline,Automatic transmission,"ğŸš— VA CARZ - Quality Pre-Owned Trucks ğŸš—
ğŸ’² SPECIAL: ONLY $500 DOWN! ğŸ’²
ğŸŒ www.vacarz.com | ğŸ–¥ï¸ Apply now: www.vacarz.com/apply
2012 GMC Sierra 1500 - LOW 120K MILES! CLEAN TITLE, NEWLY INSPECTED!
ğŸ’° Price: $11,900 | ONLY $500 DOWN with approved credit!
âœ… Year: 2012
âœ… Make: GMC
âœ… Model: Sierra 1500
âœ… Mileage: 120,000 miles
âœ… Body Style: Pickup Truck
âœ… Fuel Type: Gasoline
âœ… Transmission: Automatic
âœ… Exterior Color: Black
âœ… Interior Color: Black
âœ… Condition: Very Good
ğŸ” NEWLY INSPECTED | ğŸ† CLEAN TITLE | ğŸ’ª POWERFUL & RELIABLE
ğŸŒŸ Key Points:

Powerful and reliable Sierra 1500
Low mileage for its age
Fresh state inspection completed
Rugged capabilities
Clean black-on-black color scheme
Smooth riding comfort
Perfect blend of work and daily driver

ğŸ’¯ VA CARZ Certified:

Multi-point inspection completed
Verified clean title
Competitive market pricing
Professional detailing
Mechanical inspection
Full vehicle history

ğŸ’¥ SPECIAL FINANCING OFFER:

ONLY $500 DOWN PAYMENT!
Competitive interest rates
Quick and easy approval process
Trade-ins welcome
Apply online now: www.vacarz.com/apply

Why Choose This GMC Sierra:

Reliable workhorse with proven capability
Lower mileage than most 2012 trucks
Fresh inspection ensures road-readiness
Clean title provides peace of mind
Versatile for work and family use
Excellent value for a quality pickup
Perfect for both work and daily driving

$499 Processing fee not included in listed price.
VADLR
ğŸ¯ DON'T MISS THIS DEAL! Only $500 down on this clean Sierra 1500! Visit our website, apply for financing online, or contact us today!
#GMC #Sierra1500 #Truck #PickupTruck #LowDownPayment #CleanTitle #NewlyInspected #VACARZ #UsedTruck #TruckFinancing #WorkTruck",Z:\CARSPICS\2012 GMC SIERRA BLACK
2013,Audi,A6 SuperCharge - Needs Engine- Engine Smoking,125000,3990,Sedan,Black,Black,Good,Gasoline,Automatic transmission,"ğŸš— VA CARZ - Luxury Vehicles ğŸš—
âš ï¸ MECHANIC SPECIAL - BEING SOLD AS-IS âš ï¸
NEEDS ENGINE - ENGINE IS GIVING SMOKE - All Cylinders have Coolant in them 
ğŸŒ www.vacarz.com | ğŸ–¥ï¸ Apply now: www.vacarz.com/apply
2013 Audi A6 Supercharged - MECHANIC SPECIAL - NEEDS ENGINE WORK
ğŸ’° Price: $4,490 | FOR MECHANICS OR PROJECT CAR ENTHUSIASTS
âœ… Year: 2013
âœ… Make: Audi
âœ… Model: A6 Supercharged
âœ… Mileage: 125,000 miles
âœ… Body Style: Luxury Sedan
âœ… Fuel Type: Gasoline
âœ… Transmission: Automatic
âœ… Exterior Color: Black
âœ… Interior Color: Black
âœ… Condition: Engine Issues - Sold As-Is
âš ï¸ IMPORTANT: VEHICLE NEEDS ENGINE WORK - SELLING AS-IS
ğŸ”§ Engine Smoking - Requires Repair/Replacement
ğŸ“ Perfect for mechanics or project car build
ğŸŒŸ Vehicle Features (When Repaired):

Premium Supercharged engine capability
Luxury interior amenities
High-end sound system
Premium black-on-black color scheme
Leather interior
Advanced technology features
Full luxury appointments

ğŸ’¯ Vehicle Details:

Being sold AS-IS
Engine needs repair/replacement
Beautiful exterior condition
Full luxury interior
All original documentation available
Perfect project car opportunity

âš¡ Perfect Opportunity For:

Mechanics
Auto repair shops
Project car enthusiasts
Parts car utilization
Audi specialists
DIY car builders

âš ï¸ BUYER NOTICE:

Vehicle is non-operational - needs engine work
Sold strictly AS-IS
No warranty expressed or implied
Perfect for qualified mechanics
Must arrange own towing/transport
All sales final

$499 Processing fee not included in listed price.
VADLR
ğŸ¯ MECHANIC'S SPECIAL! Great opportunity for the right buyer! Contact us for more details about the vehicle's condition.
SERIOUS INQUIRIES ONLY - SOLD AS-IS
Please understand this vehicle requires significant engine work before operation.
#Audi #A6 #MechanicSpecial #ProjectCar #AsIs #VACARZ #UsedCar #AudiProject #MechanicsOnly #ProjectBuilds",Z:\CARSPICS\2013 AUDI A6 BLACK
2006,Toyota,"Camry LE- 135K Miles, Clean Title- $500 Down Only ",135000,3990,Sedan,Blue,Black,Good,Gasoline,Automatic transmission,"ğŸš— VA CARZ - Quality Pre-Owned Vehicles ğŸš—
ğŸ’² SPECIAL: ONLY $500 DOWN - EASY FINANCING! ğŸ’²
ğŸŒ www.vacarz.com | ğŸ–¥ï¸ Apply now: www.vacarz.com/apply
2006 Toyota Camry LE - 135K MILES, CLEAN TITLE, NEWLY INSPECTED!
ğŸ’° Price: $3,990 | ONLY $500 DOWN with approved credit!
âœ… Year: 2006
âœ… Make: Toyota
âœ… Model: Camry LE
âœ… Mileage: 135,000 miles
âœ… Body Style: Sedan
âœ… Fuel Type: Gasoline
âœ… Transmission: Automatic
âœ… Exterior Color: Blue
âœ… Interior Color: Black
âœ… Condition: Good
ğŸ” NEWLY INSPECTED | ğŸ† CLEAN TITLE | ğŸ’« TOYOTA RELIABILITY
ğŸŒŸ Key Points:

Toyota's legendary reliability
Fresh state inspection completed
Attractive blue exterior
Clean black interior
Smooth and quiet ride
Great fuel efficiency
Perfect commuter car
Well-maintained condition

ğŸ’¯ VA CARZ Certified:

Multi-point inspection completed
Verified clean title
Competitive market pricing
Professional detailing
Full mechanical inspection
Quality assurance checked

ğŸ’¥ SPECIAL FINANCING OFFER:

ONLY $500 DOWN PAYMENT!
Easy qualification process
Competitive interest rates
Quick approval process
Trade-ins welcome
Apply online now: www.vacarz.com/apply

Why Choose This Camry LE:

Toyota's proven reliability and durability
Perfect commuter vehicle
Fresh inspection ensures road-readiness
Clean title provides peace of mind
Great first car or daily driver
Low maintenance costs
Excellent value for money

$499 Processing fee not included in listed price.
VADLR
ğŸ¯ DON'T MISS THIS DEAL! Only $500 down on this reliable Toyota Camry! Visit our website, apply for financing online, or contact us today!
#Toyota #Camry #Reliable #LowDownPayment #ValueCar #CleanTitle #NewlyInspected #VACARZ #UsedCar #CarFinancing #ToyotaReliability",Z:\CARSPICS\2006 Toyota Camry Blue
2002,Honda,CRV EX- AWD - 130K Miles only - Clean Title- LIMITED TIME OFFER ,130000,3490,SUV,Red,Black,Very good,Gasoline,Automatic transmission,"ğŸš— VA CARZ - Quality Pre-Owned SUVs ğŸš—
ğŸ’² LOW MILES - ALL WHEEL DRIVE! ğŸ’²
ğŸŒ www.vacarz.com | ğŸ–¥ï¸ Apply now: www.vacarz.com/apply
2002 Honda CR-V EX - ONLY 130K MILES! CLEAN TITLE!
ğŸ’° Price: $3,490 | Low monthly payments with approved credit!
âœ… Year: 2002
âœ… Make: Honda
âœ… Model: CR-V EX
âœ… Mileage: ONLY 130,000 miles!
âœ… Body Style: SUV
âœ… Fuel Type: Gasoline
âœ… Transmission: Automatic
âœ… Exterior Color: Red
âœ… Interior Color: Black
âœ… Condition: Very Good
âœ… Drive: All-Wheel Drive (AWD)
ğŸ† CLEAN TITLE | ğŸ“Š LOW MILES | ğŸš˜ AWD CAPABILITY
ğŸŒŸ Key Points:

Honda's legendary reliability
Low mileage for the year
All-Wheel Drive capability
EX trim with premium features
Sporty red exterior
Clean black interior
Perfect size SUV
Great for all seasons

ğŸ’¯ VA CARZ Certified:

Verified clean title
Competitive market pricing
Professional detailing
Full mechanical inspection
Low mileage verified
Quality assurance checked

ğŸ’³ Flexible Financing Options:

Low down payment options
Competitive interest rates
Quick approval process
Trade-ins welcome
Apply online now: www.vacarz.com/apply

Why Choose This CR-V EX:

Incredibly low miles for its age
Honda's proven reliability
All-Wheel Drive for all weather
Clean title provides peace of mind
Perfect size for city and highway
Great value for a quality SUV
Ideal for family and adventure

$499 Processing fee not included in listed price.
VADLR
ğŸ¯ DON'T MISS THIS LOW-MILEAGE CR-V! Visit our website, apply for financing online, or contact us today!
#Honda #CRV #AWD #LowMiles #SUV #CleanTitle #VACARZ #UsedCar #CarFinancing #HondaReliability",Z:\CARSPICS\2002 Honda CRV Red%20
1998,Ford,"Pontiac FireBird, ONLY 40K ORIGNAL MILES",40000,9990,Coupe,Orange,Black,Very good,Gasoline,Automatic transmission,"ğŸš— VA CARZ - Classic American Muscle ğŸš—
ğŸ’² RARE FIND - ONLY 40K ORIGINAL MILES! ğŸ’²
ğŸŒ www.vacarz.com | ğŸ–¥ï¸ Apply now: www.vacarz.com/apply
1998 Pontiac Firebird - COLLECTOR'S DREAM! ONLY 40K ORIGINAL MILES!
ğŸ’° Price: $9,990 | Low monthly payments with approved credit!
âœ… Year: 1998
âœ… Make: Pontiac
âœ… Model: Firebird
âœ… Mileage: ONLY 40,000 ORIGINAL MILES!
âœ… Body Style: Sports Coupe
âœ… Fuel Type: Gasoline
âœ… Transmission: Automatic
âœ… Exterior Color: Orange
âœ… Interior Color: Black
âœ… Condition: Very Good
ğŸ† INCREDIBLY LOW MILES | ğŸš— CLASSIC MUSCLE | â­ RARE FIND
ğŸŒŸ Key Points:

ONLY 40K ORIGINAL MILES!
Classic American muscle car
Eye-catching orange exterior
Sporty black interior
Iconic Firebird styling
Powerful performance
Collector's condition
Time capsule example

ğŸ’¯ VA CARZ Certified:

Low original mileage verified
Competitive market pricing
Professional detailing
Full mechanical inspection
Collector quality
All features tested
Museum-like preservation

ğŸ’³ Flexible Financing Options:

Low down payment options
Competitive interest rates
Quick approval process
Trade-ins welcome
Apply online now: www.vacarz.com/apply

Why Choose This Firebird:

Incredibly low original mileage
Becoming increasingly collectible
Classic American performance
Perfect for collectors
Iconic 90s muscle car
Investment potential
Rare find in this condition

$499 Processing fee not included in listed price.
VADLR
ğŸ¯ RARE OPPORTUNITY! Won't find another with this mileage! Visit our website, apply for financing online, or contact us today!
#Pontiac #Firebird #ClassicCar #LowMiles #Muscle #AmericanMuscle #VACARZ #CollectorCar #CarFinancing #RareFind #ClassicPontiac",Z:\CARSPICS\1998 Pontiac Firebird%20
2008,Lexus,"LS600HL - $2000 DOWNPAYMENT- RARE TO FIND- CLEANN TITLE , BEAUTI, FULLY LOADED- ",160000,15900,Sedan,Black,Beige,Excellent,Gasoline,Automatic transmission,"ğŸš— VA CARZ - Luxury Hybrid Vehicles ğŸš—
ğŸ’² RARE LUXURY HYBRID - $2,000 DOWN! ğŸ’²
ğŸŒ www.vacarz.com | ğŸ–¥ï¸ Apply now: www.vacarz.com/apply
2008 Lexus LS600hL - RARE HYBRID FLAGSHIP! CLEAN TITLE, NEWLY INSPECTED!
ğŸ’° Price: $15,900 | $2,000 DOWN with approved credit!
âœ… Year: 2008
âœ… Make: Lexus
âœ… Model: LS600hL Hybrid
âœ… Mileage: 160,000 miles
âœ… Body Style: Luxury Sedan
âœ… Fuel Type: Hybrid
âœ… Transmission: Automatic
âœ… Exterior Color: Black
âœ… Interior Color: Beige
âœ… Condition: Excellent
ğŸ” NEWLY INSPECTED | ğŸ† CLEAN TITLE | ğŸ‘‘ FLAGSHIP MODEL | âš¡ HYBRID EFFICIENCY
ğŸŒŸ Premium Features Include:

Ultra-Luxury Long Wheelbase Model
Advanced Hybrid V8 Powertrain
Premium Leather Interior
Mark Levinson Sound System
Premium Navigation
Heated/Cooled Seats
Advanced Safety Features
Power Everything
Premium Wood Trim
Adaptive Air Suspension

ğŸ’¯ VA CARZ Certified:

Multi-point inspection completed
Verified clean title
Competitive market pricing
Professional detailing
Full mechanical inspection
Hybrid system checked
All luxury features verified

ğŸ’¥ SPECIAL FINANCING OFFER:

$2,000 DOWN PAYMENT
Competitive interest rates
Quick approval process
Trade-ins welcome
Apply online now: www.vacarz.com/apply

Why Choose This LS600hL:

Rare hybrid flagship model
Ultimate Lexus luxury experience
Fresh inspection ensures road-readiness
Clean title provides peace of mind
Hybrid efficiency with V8 power
All premium features included
Perfect luxury family sedan

$499 Processing fee not included in listed price.
VADLR
ğŸ¯ RARE OPPORTUNITY! Don't miss this flagship Lexus hybrid! Visit our website, apply for financing online, or contact us today!
#Lexus #LS600hL #LuxuryCar #HybridLuxury #FlagshipSedan #RareFind #CleanTitle #NewlyInspected #VACARZ #UsedCar #CarFinancing",Z:\CARSPICS\2008 Lexus LS600HL
2002,Toyota,4RUNNER- AWD- RUNS GREATE - LIMITED TIME OFFER,254000,3490,SUV,Silver,Black,Very good,Gasoline,Automatic transmission,"ğŸš— VA CARZ - Quality SUVs ğŸš—
ğŸ’² LIMITED TIME OFFER! ğŸ’²
ğŸŒ www.vacarz.com | ğŸ–¥ï¸ Apply now: www.vacarz.com/apply
2002 Toyota 4Runner - RELIABLE SUV! CLEAN TITLE!
ğŸ’° SPECIAL PRICE: $3,490 | Low monthly payments with approved credit!
âœ… Year: 2002
âœ… Make: Toyota
âœ… Model: 4Runner
âœ… Mileage: 254,000 miles
âœ… Body Style: SUV
âœ… Fuel Type: Gasoline
âœ… Transmission: Automatic
âœ… Exterior Color: Silver
âœ… Interior Color: Black
âœ… Condition: Very Good
âœ… Drive: All-Wheel Drive (AWD)
ğŸ† CLEAN TITLE | ğŸš˜ AWD CAPABILITY | âš¡ LIMITED TIME OFFER
ğŸŒŸ Key Points:

Toyota's legendary reliability
All-Wheel Drive capability
Runs great
Well-maintained
Spacious interior
Excellent off-road ability
Perfect adventure vehicle
Strong engine and transmission

ğŸ’¯ VA CARZ Certified:

Verified clean title
Special offer pricing
Professional detailing
Full mechanical inspection
Quality assurance checked
Ready for adventure

ğŸ’¥ LIMITED TIME OFFER:

Priced to sell quickly!
Low down payment options
Quick approval process
Trade-ins welcome
Apply online now: www.vacarz.com/apply

Why Choose This 4Runner:

Toyota's proven durability
Perfect for outdoor activities
All-Wheel Drive for any terrain
Clean title provides peace of mind
Excellent value for money
Great for family and adventure
Known for running 300k+ miles

$499 Processing fee not included in listed price.
VADLR
ğŸ¯ HURRY! LIMITED TIME OFFER - Won't Last Long at This Price! Visit our website, apply for financing online, or contact us today!
#Toyota #4Runner #SUV #AWD #Adventure #CleanTitle #VACARZ #UsedCar #CarFinancing #ToyotaReliability #LimitedOffer",Z:\CARSPICS\2002 Toyota 4Runner
2007,Lexus,RX400H- Excellent- LEXUS DEALER MAINTIANED - CLEAN TTILE ,178000,5490,SUV,Silver,Beige,Excellent,Hybrid,Automatic transmission,"ğŸš— VA CARZ - Luxury Hybrid SUVs ğŸš—
ğŸ’² LEXUS DEALER MAINTAINED! ğŸ’²
ğŸŒ www.vacarz.com | ğŸ–¥ï¸ Apply now: www.vacarz.com/apply
2007 Lexus RX400h - HYBRID LUXURY SUV! DEALER MAINTAINED!
ğŸ’° Price: $5,490 | Low monthly payments with approved credit!
âœ… Year: 2007
âœ… Make: Lexus
âœ… Model: RX400h Hybrid
âœ… Mileage: 178,000 miles
âœ… Body Style: Luxury Hybrid SUV
âœ… Fuel Type: Hybrid
âœ… Transmission: Automatic
âœ… Exterior Color: Silver
âœ… Interior Color: Beige
âœ… Condition: Excellent
ğŸ† CLEAN TITLE | âš¡ HYBRID EFFICIENCY | ğŸ”§ DEALER MAINTAINED
ğŸŒŸ Key Points:

LEXUS DEALER MAINTAINED!
Luxury hybrid SUV
Advanced hybrid powertrain
Premium interior materials
Comfortable beige leather
Quiet and smooth ride
Excellent fuel economy
Perfect blend of luxury and efficiency

ğŸ’¯ VA CARZ Certified:

Verified service history
Competitive market pricing
Professional detailing
Full mechanical inspection
Hybrid system checked
Premium features verified
Excellent condition

ğŸ’³ Flexible Financing Options:

Low down payment options
Competitive interest rates
Quick approval process
Trade-ins welcome
Apply online now: www.vacarz.com/apply

Why Choose This RX400h:

Documented dealer maintenance
Lexus luxury with hybrid efficiency
Premium features throughout
Clean title provides peace of mind
Lower fuel costs than conventional SUVs
Perfect luxury family vehicle
Excellent value for a hybrid Lexus

$499 Processing fee not included in listed price.
VADLR
ğŸ¯ DON'T MISS THIS DEALER-MAINTAINED LEXUS HYBRID! Visit our website, apply for financing online, or contact us today!
#Lexus #RX400h #HybridSUV #LuxuryCar #DealerMaintained #CleanTitle #VACARZ #UsedCar #CarFinancing #LexusReliability",Z:\CARSPICS\2007 Lexus RX400H Silver
2013,Ford,F250 4WD REGULAR CAB-   $1000 DOWNPAYMENT ONLY- 90K MILES- CLEAN TITLE ,90000,1000,Truck,White,Gray,Very good,Gasoline,Automatic transmission,"ğŸš— VA CARZ - Heavy Duty Work Trucks ğŸš—
ğŸ’² SPECIAL: ONLY $1,000 DOWN - WORK TRUCK READY! ğŸ’²
ğŸŒ www.vacarz.com | ğŸ–¥ï¸ Apply now: www.vacarz.com/apply
2013 Ford F250 4WD Regular Cab - LOW 90K MILES! CLEAN TITLE!
ğŸ’° Price: $14,900 | ONLY $1,000 DOWN with approved credit!
âœ… Year: 2013
âœ… Make: Ford
âœ… Model: F250 4WD
âœ… Mileage: ONLY 90,000 miles!
âœ… Body Style: Regular Cab Pickup
âœ… Fuel Type: Gasoline
âœ… Transmission: Automatic
âœ… Exterior Color: White
âœ… Interior Color: Gray
âœ… Condition: Very Good
âœ… Drive: 4-Wheel Drive
ğŸ† CLEAN TITLE | ğŸ“Š LOW MILES | ğŸ’ª 4WD CAPABILITY
ğŸŒŸ Key Points:

INCREDIBLY LOW MILEAGE for F250!
4-Wheel Drive capability
Regular cab configuration
Perfect work truck
Heavy-duty performance
Exceptional towing capacity
Well-maintained condition
Ready for tough jobs

ğŸ’¯ VA CARZ Certified:

Verified clean title
Competitive market pricing
Professional detailing
Full mechanical inspection
Low mileage verified
Work-ready checked
4WD system tested

ğŸ’¥ SPECIAL FINANCING OFFER:

ONLY $1,000 DOWN PAYMENT!
Business owners welcome
Competitive interest rates
Quick approval process
Trade-ins welcome
Apply online now: www.vacarz.com/apply

Why Choose This F250:

Low mileage for heavy duty truck
4WD for tough terrain
Perfect for construction/contracting
Clean title provides peace of mind
Excellent towing capacity
Ideal work truck setup
Built Ford Tough reliability

$499 Processing fee not included in listed price.
VADLR
ğŸ¯ DON'T MISS THIS LOW-MILEAGE WORK TRUCK! Visit our website, apply for financing online, or contact us today!
#Ford #F250 #4WD #WorkTruck #LowMiles #HeavyDuty #CleanTitle #VACARZ #UsedTruck #TruckFinancing #CommercialTruck",Z:\CARSPICS\2013 FORD F250 WHITE
2003,Lexus,IS300- DRIVES GREAT- CLEAN TITLE ,181000,5990,Sedan,Gray,Black,Good,Gasoline,Automatic transmission,"ğŸš— VA CARZ - Quality Luxury Vehicles ğŸš—
ğŸ’² SPORT LUXURY SEDAN - DRIVES GREAT! ğŸ’²
ğŸŒ www.vacarz.com | ğŸ–¥ï¸ Apply now: www.vacarz.com/apply
2003 Lexus IS300 - SPORT SEDAN! CLEAN TITLE!
ğŸ’° Price: $5,990 | Low monthly payments with approved credit!
âœ… Year: 2003
âœ… Make: Lexus
âœ… Model: IS300
âœ… Mileage: 181,000 miles
âœ… Body Style: Sport Sedan
âœ… Fuel Type: Gasoline
âœ… Transmission: Automatic
âœ… Exterior Color: Gray
âœ… Interior Color: Black
âœ… Condition: Good
ğŸ† CLEAN TITLE | ğŸ SPORT SEDAN | ğŸ’« DRIVES GREAT
ğŸŒŸ Key Points:

Sport luxury performance
Smooth inline-6 engine
Sporty handling
Premium interior
Clean black leather
Drives excellently
Perfect blend of luxury and sport
Well-maintained condition

ğŸ’¯ VA CARZ Certified:

Verified clean title
Competitive market pricing
Professional detailing
Full mechanical inspection
Quality assurance checked
Ready for delivery

ğŸ’³ Flexible Financing Options:

Low down payment options
Competitive interest rates
Quick approval process
Trade-ins welcome
Apply online now: www.vacarz.com/apply

Why Choose This IS300:

Classic Lexus sport sedan
Excellent driving dynamics
Toyota/Lexus reliability
Clean title provides peace of mind
Perfect daily driver
Great entry-level luxury car
Sought-after model

$499 Processing fee not included in listed price.
VADLR
ğŸ¯ DON'T MISS THIS SPORTY LEXUS! Visit our website, apply for financing online, or contact us today!
#Lexus #IS300 #SportSedan #LuxuryCar #CleanTitle #VACARZ #UsedCar #CarFinancing #LexusReliability",Z:\CARSPICS\2003 Lexus IS300
2019,Lexus,LC500 ISPIRATION SERIES- Only1400 MILES- $5000 DOWN ONLY-VA REBUILD TITLE and NEW STATE INSPECTION ,1400,49990,Coupe,Yellow,White,Excellent,Gasoline,Automatic transmission,"ğŸš— VA CARZ - Ultra Luxury Performance ğŸš—
ğŸ’« RARE INSPIRATION SERIES - ONLY 1,400 MILES! ğŸ’«
ğŸŒ www.vacarz.com | ğŸ–¥ï¸ Apply now: www.vacarz.com/apply
2019 Lexus LC500 Inspiration Series - COLLECTOR'S CONDITION!
ğŸ’° Price: $49,990 | Premium financing available with approved credit!
âœ… Year: 2019
âœ… Make: Lexus
âœ… Model: LC500 Inspiration Series
âœ… Mileage: ONLY 1,400 MILES!
âœ… Body Style: Luxury Performance Coupe
âœ… Fuel Type: Premium Gasoline
âœ… Transmission: Automatic
âœ… Exterior Color: Yellow (Limited Edition)
âœ… Interior Color: White
âœ… Condition: Excellent
âœ… Special Edition: Inspiration Series
ğŸ‘‘ RARE LIMITED EDITION | ğŸ† COLLECTOR GRADE | âš¡ LIKE NEW
ğŸŒŸ Premium Features:

Limited Inspiration Series Edition
5.0L V8 Performance Engine
Exclusive Yellow Paint
Premium White Leather Interior
Mark Levinson Audio System
Carbon Fiber Components
Advanced Safety Features
Premium Navigation
Heated/Ventilated Seats
Limited Production Numbers

ğŸ’¯ VA CARZ Certified:

Verified ultra-low mileage
Collector grade condition
Full documentation
Professional detailing
Comprehensive inspection
All features verified
Investment grade vehicle

ğŸ¯ Investment Highlights:

Extremely rare Inspiration Series
Museum-quality condition
Virtually new condition
Exclusive color combination
Collector potential
Full service history
All original documentation

Why Choose This LC500:

One of the rarest LC500 models
Virtually new condition
Investment potential
Flagship Lexus performance
Limited production numbers
Stunning design inside and out
Ultimate luxury performance

$499 Processing fee not included in listed price.
VADLR
ğŸ¯ RARE OPPORTUNITY! Once-in-a-lifetime chance to own this collector-grade LC500! Visit our website, apply for financing online, or contact us today!
#Lexus #LC500 #InspirationSeries #RareFind #CollectorCar #LuxuryCar #VACARZ #ExoticCar #LimitedEdition #LexusPerformance",Z:\CARSPICS\2019 Lexus LC500
2015,Nissan,"Quest S, 100K Miles, $1000 Down, Everyone Approved ",102000,8990,Minivan,Gray,Gray,Excellent,Gasoline,Automatic transmission,"ğŸš— VA CARZ - Quality Family Vans ğŸš—
ğŸ’² SPECIAL: ONLY $1,000 DOWN - EVERYONE APPROVED! ğŸ’²
ğŸŒ www.vacarz.com | ğŸ–¥ï¸ Apply now: www.vacarz.com/apply
2015 Nissan Quest S - LOW 102K MILES! CLEAN TITLE, NEWLY INSPECTED!
ğŸ’° Price: $8,990 | ONLY $1,000 DOWN with approved credit!
âœ… Year: 2015
âœ… Make: Nissan
âœ… Model: Quest S
âœ… Mileage: 102,000 miles
âœ… Body Style: Minivan
âœ… Fuel Type: Gasoline
âœ… Transmission: Automatic
âœ… Exterior Color: Gray
âœ… Interior Color: Gray
âœ… Condition: Excellent
ğŸ” NEWLY INSPECTED | ğŸ† CLEAN TITLE | ğŸ‘¨â€ğŸ‘©â€ğŸ‘§â€ğŸ‘¦ PERFECT FAMILY VAN
ğŸŒŸ Key Points:

Low mileage for year
Perfect family vehicle
Spacious interior
Power sliding doors
Multiple seating configurations
Smooth and quiet ride
Great cargo capacity
Well-maintained condition

ğŸ’¯ VA CARZ Certified:

Multi-point inspection completed
Verified clean title
Competitive market pricing
Professional detailing
Full mechanical inspection
Quality assurance checked
Family-ready verified

ğŸ’¥ SPECIAL FINANCING OFFER:

ONLY $1,000 DOWN PAYMENT!
EVERYONE APPROVED!
Easy qualification process
Competitive interest rates
Quick approval process
Trade-ins welcome
Apply online now: www.vacarz.com/apply

Why Choose This Quest:

Perfect for growing families
Excellent condition throughout
Fresh inspection ensures road-readiness
Clean title provides peace of mind
Plenty of space for everyone
Ideal for family trips
Great value for a newer van

$499 Processing fee not included in listed price.
VADLR
ğŸ¯ DON'T MISS THIS FAMILY-PERFECT VAN! Only $1,000 down + EVERYONE APPROVED! Visit our website, apply for financing online, or contact us today!
#Nissan #Quest #FamilyVan #LowMiles #LowDown #EveryoneApproved #CleanTitle #NewlyInspected #VACARZ #UsedCar #CarFinancing",J:\My Drive\CARSPICS\2015 Nissan Quest Grey
2010,Toyota,"YARIS, 5 SPEED MANUAL TRANSMISSION, $1000 DOWN EVERYONE APPROVED",107000,5990,Sedan,White,Black,Excellent,Gasoline,Manual transmission,"ğŸš— VA CARZ - Fuel Efficient Vehicles ğŸš—
ğŸ’² RARE 5-SPEED MANUAL - GREAT MPG! ğŸ’²
ğŸŒ www.vacarz.com | ğŸ–¥ï¸ Apply now: www.vacarz.com/apply
2010 Toyota Yaris - 5 SPEED MANUAL! LOW 107K MILES!
ğŸ’° Price: $5,990 | ONLY $1,100 DOWN with approved credit!
âœ… Year: 2010
âœ… Make: Toyota
âœ… Model: Yaris
âœ… Mileage: 107,000 miles
âœ… Body Style: Sedan
âœ… Fuel Type: Gasoline
âœ… Transmission: 5-Speed Manual
âœ… Exterior Color: White
âœ… Interior Color: Black
âœ… Condition: Excellent
ğŸ† CLEAN TITLE | ğŸš— RARE MANUAL | â›½ AMAZING MPG
ğŸŒŸ Key Points:

Rare 5-speed manual transmission
Excellent fuel economy
Toyota reliability
Low mileage for year
Perfect commuter car
Fun to drive
Easy to park
Well-maintained condition

ğŸ’¯ VA CARZ Certified:

Verified clean title
Competitive market pricing
Professional detailing
Full mechanical inspection
Manual transmission checked
Quality assurance verified
Ready for delivery

ğŸ’³ Flexible Financing Options:

ONLY $1,100 DOWN PAYMENT!
Competitive interest rates
Quick approval process
Trade-ins welcome
Apply online now: www.vacarz.com/apply

Why Choose This Yaris:

Hard-to-find manual transmission
Excellent fuel efficiency
Toyota's proven reliability
Clean title provides peace of mind
Perfect first car or commuter
Low maintenance costs
Great value for money

$499 Processing fee not included in listed price.
VADLR
ğŸ¯ DON'T MISS THIS RARE MANUAL YARIS! Visit our website, apply for financing online, or contact us today!
#Toyota #Yaris #ManualTransmission #FuelEfficient #LowMiles #CleanTitle #VACARZ #UsedCar #CarFinancing #ToyotaReliability",J:\My Drive\CARSPICS\2010 Toyota Yaris White
1222,Acura,112121,121111,12121,Sedan,Beige,Beige,Very good,Electric,Manual transmission,dfdsfdf,C:\Users\ABC\Downloads\
